test_name,step_index,expected_step,prompt,planned_element,planned_action_type,planned_selector,execution_action_type,execution_selector,execution_status,execution_success,is_expected_step,selector_attempts,locator_mismatch,skipped_auto,suspected_hallucination
Login_with_'standard_user'_/_',0,,Fill the username field with 'standard_user',textbox,fill,"getByRole('textbox', {name:'Username'})",fill,"getByRole('textbox', {name:'Username'})",success,True,True,1,False,False,False
Login_with_'standard_user'_/_',1,,Fill the password field with 'secret_sauce',textbox,fill,"getByRole('textbox', { name: 'Password' })",fill,"getByRole('textbox', { name: 'Password' })",success,True,True,1,False,False,False
Login_with_'standard_user'_/_',2,,Click the login button,button,click,getByTestId('login-button'),click,"[data-test=""login-button""]",success,True,True,1,True,False,True
Login_with_'standard_user'_/_',3,,Click the 'Add to cart' button for 'Sauce Labs Bike Light',element,click,getByTestId('add-to-cart-sauce-labs-bike-light'),click,locator('#add-to-cart-sauce-labs-bike-light'),success,True,True,1,True,False,True
Login_with_'standard_user'_/_',4,,Click the cart icon to open the cart,link,click,getByTestId('shopping-cart-link'),click,"locator('[data-test=""shopping-cart-link""]')",success,True,True,1,True,False,True
Login_with_'standard_user'_/_',5,,Click the Checkout button,button,click,"getByRole('button', {name:'Checkout'})",click,"getByRole('button', {name:'Checkout'})",success,True,True,1,False,False,False
Login_with_'standard_user'_/_',6,,Fill the First Name field with 'Test',textbox,fill,"getByRole('textbox', {name:'First Name'})",fill,"getByRole('textbox', {name:'First Name'})",success,True,True,1,False,False,False
Login_with_'standard_user'_/_',7,,Fill the Last Name field with 'User',textbox,fill,"getByRole('textbox',{ name:'Last Name' })",fill,"getByRole('textbox',{ name:'Last Name' })",success,True,True,1,False,False,False
Login_with_'standard_user'_/_',8,,Fill the Zip/Postal Code field with '52200',textbox,fill,"getByRole('textbox', {name:'Zip/Postal Code'})",fill,"getByRole('textbox', {name:'Zip/Postal Code'})",success,True,True,1,False,False,False
Login_with_'standard_user'_/_',9,,Click the Continue button,element,click,getByTestId('continue'),click,[data-test='continue'],success,True,True,1,True,False,True
Login_with_'standard_user'_/_',10,,Click the Finish button,button,click,"getByRole('button', {name:'Finish'})",click,"getByRole('button', {name:'Finish'})",success,True,True,1,False,False,False
Login_with_'standard_user'_/_',11,,Click the 'Back Home' button,button,click,"getByRole('button', {name:'Back Home'})",click,"getByRole('button', {name:'Back Home'})",success,True,True,1,False,False,False
Login_with_'standard_user'_/_',12,,Verify the cart icon has no badge indicating empty cart,link,click,getByTestId('shopping-cart-link'),click,"locator('[data-test=""shopping-cart-link""]')",success,True,True,1,True,False,True
